customerID,churn_probability,predicted_churn
4376-KFVRS,0.06944987205193606,0
2754-SDJRD,0.882997276111043,1
9917-KWRBE,0.16398043972320442,0
0365-GXEZS,0.6029321568238026,1
9385-NXKDA,0.048804390454478846,0
4686-UXDML,0.7655670694271028,1
2227-JRSJX,0.6290820282669034,1
4830-FAXFM,0.27402699693634136,0
1830-IPXVJ,0.006815271909076532,0
4690-LLKUA,0.5130637816401975,1
5804-HYIEZ,0.44993936757389863,0
2388-LAESQ,0.07982994224668419,0
5533-RJFTJ,0.38684015300142216,0
4706-AXVKM,0.8149590935840378,1
0997-YTLNY,0.2360433558588689,0
7971-HLVXI,0.12894310067767006,0
7337-CINUD,0.045299060807398844,0
1379-FRVEB,0.7880060633045562,1
4753-PADAS,0.3435052997527311,0
5701-GUXDC,0.1695790856242798,0
7235-NXZCP,0.8515444389788409,1
0668-OGMHD,0.4216807607291372,0
2812-REYAT,0.04338385934188437,0
8779-YIQQA,0.04118439921770425,0
9701-CDXHR,0.4728820500131534,0
7130-CTCUS,0.33940806943748236,0
1894-IGFSG,0.6966558269020333,1
0871-URUWO,0.7903201449678523,1
0057-QBUQH,0.03203093285160436,0
9611-CTWIH,0.889050690467927,1
8058-DMYRU,0.6606155662532012,1
5351-QESIO,0.5770291508587834,1
4302-ZYFEL,0.01460819316847251,0
6134-KWTBV,0.017070982552684986,0
2034-GDRCN,0.9073030912170539,1
9544-PYPSJ,0.4502837594928626,0
4208-UFFGW,0.6679221942528495,1
9537-JALFH,0.0043935216557345995,0
4415-IJZTP,0.9069980183102239,1
4701-MLJPN,0.25719078260049677,0
7515-LODFU,0.012343805277668478,0
4927-WWOOZ,0.9136571908153928,1
4067-HLYQI,0.6171028543808335,1
6184-DYUOB,0.32804345492486053,0
9209-NWPGU,0.0880000404312791,0
9851-KIELU,0.6667435942245028,1
3199-XGZCY,0.8226769681224854,1
4226-KKDON,0.5065721319669796,1
1085-LDWAM,0.023212665017505497,0
6825-UYPFK,0.590122849241379,1
1767-CJKBA,0.014694502943086007,0
7181-BQYBV,0.7785052860437243,1
0178-CIIKR,0.337525428821595,0
4256-ZWTZI,0.47782441381132956,0
9537-VHDTA,0.5291914181468101,1
2754-XBHTB,0.8162626063046257,1
5975-BAICR,0.10812896325817693,0
3301-VKTGC,0.13274074474781472,0
2877-VDUER,0.167085967461158,0
7717-BICXI,0.006956357670802442,0
0562-FGDCR,0.024543081789157487,0
3705-PSNGL,0.04010155804134653,0
0048-LUMLS,0.3384364862649549,0
6497-TILVL,0.42766580369800133,0
2108-YKQTY,0.5504477411536156,1
3658-KIBGF,0.6192825724814881,1
5482-NUPNA,0.38268140761832564,0
7410-KTVFV,0.3444841847648613,0
9033-EOXWV,0.3447126923620241,0
8821-XNHVZ,0.8475848277152307,1
8224-KDLKN,0.006700963011330749,0
4825-FUREZ,0.013867583452058407,0
7534-BFESC,0.6995599229801739,1
9138-EFSMO,0.3063505100464034,0
4227-OJHAL,0.135191649443815,0
7279-NMVJC,0.0795807947167334,0
8591-TKMZH,0.13864299795000917,0
9283-LZQOH,0.6718333025969916,1
3594-IVHJZ,0.3214093129792682,0
1945-XISKS,0.01244818511504664,0
4359-INNWN,0.06833462241720453,0
7649-SIJJF,0.028284774227908857,0
9254-RBFON,0.36025299958410645,0
0970-ETWGE,0.9196341462042021,1
7762-ONLJY,0.11528273979582315,0
6710-HSJRD,0.47383825899437965,0
8873-GLDMH,0.8374759229214259,1
9907-SWKKF,0.7470021033735804,1
4658-HCOHW,0.6840282961676287,1
9330-VOFSZ,0.14673649816023002,0
2860-RANUS,0.7272744667944188,1
6234-PFPXL,0.5094986377383921,1
7205-BAIAD,0.014383534707447933,0
3858-VOBET,0.6985506501941905,1
5103-MHMHY,0.6586898875058809,1
6119-SPUDB,0.03058624736531733,0
9389-ACWBI,0.6451923380631794,1
3454-JFUBC,0.016107706546973598,0
1768-ZAIFU,0.8486018692183847,1
7017-VFULY,0.3475205772485728,0
9221-OTIVJ,0.8269067397214118,1
2482-CZGBB,0.7400795137976608,1
7018-WBJNK,0.6463902629440104,1
3331-HQDTW,0.4691642961102017,0
4695-VADHF,0.4075461538219245,0
4086-WITJG,0.004247691720220275,0
6297-NOOPG,0.12793126070300856,0
8777-PVYGU,0.1118867254816831,0
4378-MYPGO,0.09057510024505278,0
9313-CDOGY,0.16077721503346137,0
4121-AGSIN,0.05169770823286153,0
0432-CAJZV,0.8389936267923713,1
9097-ZUBYC,0.3068403747601932,0
9638-JIQYA,0.7400013167018713,1
1024-GUALD,0.8212525772991871,1
8024-XNAFQ,0.09656142789493691,0
7587-RZNME,0.7108675890347218,1
1346-UFHAX,0.6324631948094797,1
6374-NTQLP,0.17327583573810995,0
6625-FLENO,0.019566685097305594,0
7375-WMVMT,0.0853575623221964,0
6910-HADCM,0.8631753880653521,1
7401-JIXNM,0.04826034386467956,0
7338-ERIVA,0.07251729901052274,0
5376-DEQCP,0.858427572227755,1
0909-SELIE,0.03620897655613065,0
5419-KLXBN,0.5956791988884355,1
0365-TRTPY,0.4370874953642392,0
6712-OAWRH,0.7442567108203606,1
2428-ZMCTB,0.26768533170357484,0
1963-VAUKV,0.41291054770096447,0
9381-NDKME,0.5225203504028663,1
3729-OWRVL,0.20456665957003947,0
0895-LMRSF,0.2596104089557937,0
2676-SSLTO,0.07975635682099973,0
8495-PRWFH,0.31482127650861136,0
9030-QGZNL,0.058000699272133305,0
9972-NKTFD,0.20027688813881617,0
7998-WNZEM,0.022673654898751373,0
0979-PHULV,0.5156486191275144,1
6445-TNRXS,0.09106408358076412,0
9586-JGQKH,0.13200033095018562,0
3966-HRMZA,0.7557261882410256,1
5498-IBWPI,0.05444668761187879,0
6823-SIDFQ,0.0454214688880157,0
2323-ARSVR,0.0892394110634619,0
5468-BPMMO,0.1595529130419244,0
0486-HECZI,0.5560375329705491,1
2178-PMGCJ,0.5900058999955677,1
4660-IRIBM,0.5396764023811254,1
9674-EHPPG,0.036559157258060755,0
5606-AMZBO,0.7657749123649169,1
0665-XHDJU,0.21250313163503692,0
5402-HTOTQ,0.4269212722049046,0
8258-GSTJK,0.8926358559596013,1
3787-TRIAL,0.5478240847031548,1
6175-IRFIT,0.7894302843733454,1
6317-YPKDH,0.6301918739444468,1
5692-FPTAH,0.7154150773042627,1
5373-SFODM,0.7065523695809794,1
0868-VJRDR,0.13224343478706047,0
4079-VTGLK,0.16954504263110237,0
1166-PQLGG,0.008026167483131716,0
5296-BFCYD,0.009253497357963048,0
6568-POCUI,0.21541378443201945,0
2839-RFSQE,0.30845172626613626,0
2188-SXWVT,0.10198413448541171,0
8849-GYOKR,0.3698982534467636,0
3623-FQBOX,0.1350983003560271,0
2649-HWLYB,0.05241901637518165,0
0599-XNYDO,0.6042254584731257,1
2514-GINMM,0.9226475861578514,1
8401-EMUWF,0.18007285885442156,0
5766-ZJYBB,0.3468468219314199,0
2604-IJPDU,0.6398927433050072,1
2501-XWWTZ,0.6681460554757265,1
6370-ZVHDV,0.018864694758243383,0
3027-YNWZU,0.018088449179705784,0
4526-ZJJTM,0.6357030107109767,1
0440-QEXBZ,0.28634206905936677,0
0330-IVZHA,0.7221894193291827,1
9758-MFWGD,0.14913708394143466,0
4229-CZMLL,0.8690417827403583,1
0742-MOABM,0.5042631712561858,1
4277-BWBML,0.004143572297297563,0
5136-GFPMB,0.5115885870305131,1
7520-HQWJU,0.14752941814377535,0
6304-IJFSQ,0.6033476812017832,1
0297-RBCSG,0.2461448735449404,0
6013-BHCAW,0.05904837571520563,0
4402-FTBXC,0.36810051016113804,0
1471-GIQKQ,0.5982727964729465,1
4283-FUTGF,0.7820128129875177,1
9548-LERKT,0.022895704240670958,0
8059-UDZFY,0.692272986389147,1
0410-IPFTY,0.6334099565461222,1
2478-EEWWM,0.5220822720202456,1
4619-EVPHY,0.466075616467557,0
2277-DJJDL,0.6550380469245608,1
2911-WDXMV,0.5818435519173872,1
3639-XJHKQ,0.2752764267952035,0
8173-RXAYP,0.015435333941265221,0
4537-CIBHB,0.10031860277171734,0
5442-BXVND,0.1694901407913349,0
2308-STERM,0.2815180156434956,0
7159-NOKYQ,0.19230140998342565,0
6075-QMNRR,0.2092683223183096,0
3694-GLTJM,0.3297390680210936,0
9629-NHXFW,0.37044931840975215,0
7167-PCEYD,0.015061186769411268,0
2748-MYRVK,0.3590538605938156,0
4223-WOZCM,0.6200113661945454,1
6946-LMSQS,0.5012859727278864,1
5469-NUJUR,0.024949647367094603,0
6388-TABGU,0.055049884539728075,0
1261-FWTTE,0.5659626574729331,1
8590-YFFQO,0.061146148013649385,0
0082-OQIQY,0.700581021120037,1
9465-RWMXL,0.7060003332516346,1
2930-UOTMB,0.20096503326334453,0
9128-CPXKI,0.29309517871462876,0
0484-FFVBJ,0.26075976236404974,0
1100-DDVRV,0.5606370203609693,1
9313-QOLTZ,0.1252040398683355,0
3338-CVVEH,0.8295466885953358,1
1131-SUEKT,0.2368902329623334,0
7602-DBTOU,0.011111412425271288,0
1385-TQOZW,0.2786204769313758,0
6892-XPFPU,0.8059004862605801,1
4115-NZRKS,0.8774694687106082,1
5514-YQENT,0.15721051582526746,0
6319-IEJWJ,0.7026293263301617,1
8849-AYPTR,0.6268997884406193,1
5893-PYOLZ,0.0637684433446161,0
7180-PISOG,0.8923779710430573,1
8443-ZRDBZ,0.8778848960183738,1
9079-YEXQJ,0.4915745176126012,0
3780-YVMFA,0.5640828540066426,1
6968-MHOMU,0.22275001115330295,0
0899-LIIBW,0.7251791252453728,1
3677-IYRBF,0.771099879312301,1
8393-DLHGA,0.7011093748244721,1
7691-XVTZH,0.16692545967830702,0
5360-LJCNJ,0.14856563430238368,0
3891-PUQOD,0.6096016584755287,1
0952-KMEEH,0.6797238370700853,1
4919-IKATY,0.7699542675766486,1
9746-UGFAC,0.04913859846475875,0
9108-EQPNQ,0.0516999835357749,0
0531-ZZJWQ,0.6361298633764709,1
8763-KIAFH,0.04958318335895518,0
5863-OOKCL,0.22390597959143316,0
2958-NHPPS,0.1408029919344066,0
9530-GRMJG,0.04726178379281482,0
1809-DMJHQ,0.5215957353568061,1
0164-XAIRP,0.025793231898984446,0
2926-JEJJC,0.1484407887920548,0
1169-WCVAK,0.4583857751150857,0
1217-VASWC,0.40319464806961025,0
2452-KDRRH,0.563927173616158,1
6402-EJMWF,0.6203970929917609,1
7663-CUXZB,0.13951500818749282,0
4312-KFRXN,0.008636225905928163,0
3011-WQKSZ,0.3171464462053314,0
9747-DDZOS,0.7623908181298618,1
2091-MJTFX,0.3044330412277245,0
0388-EOPEX,0.7483831426552234,1
3161-ONRWK,0.04940045159548037,0
2587-EKXTS,0.5441619121512379,1
9752-ZNQUT,0.685792233246703,1
9572-WUKSB,0.6997815474314584,1
3836-FZSDJ,0.009797796809492896,0
8805-JNRAZ,0.5692706308975239,1
3069-SSVSN,0.5664615892126855,1
8015-IHCGW,0.07444746836737279,0
8132-YPVBX,0.8438871270909459,1
0235-KGSLC,0.8608443173552507,1
1302-UHBDD,0.6997546972095443,1
3722-WPXTK,0.9242829542900193,1
7531-GQHME,0.24455616350976295,0
1335-NTIUC,0.6918974777312319,1
9367-TCUYN,0.2782876782509587,0
1536-HBSWP,0.6515420922263448,1
8573-JGCZW,0.07251638213417474,0
2694-CIUMO,0.745642501859743,1
2027-FECZV,0.7891076480314808,1
9103-TCIHJ,0.42347100767401397,0
1545-JFUML,0.11398267137479767,0
0524-IAVZO,0.7475204437591068,1
5519-TEEUH,0.03668848330702173,0
6654-QGBZZ,0.4955239270534794,0
2294-DMMUS,0.29413399407595753,0
0017-IUDMW,0.06154781992180824,0
5018-LXQQG,0.16075591502312336,0
5808-TOTXO,0.14200118825778935,0
1174-FGIFN,0.45807309100365246,0
0730-KOAVE,0.6177449174950109,1
1218-VKFPE,0.18508026969056285,0
5313-FPXWG,0.06931400204664162,0
2834-JKOOW,0.1296947072370419,0
9430-NKQLY,0.018110721456762804,0
0363-QJVFX,0.40761425020195574,0
1658-TJVOA,0.7449819960930611,1
6685-GBWJZ,0.0654483154093234,0
6328-ZPBGN,0.8767954386952516,1
4003-FUSHP,0.3922472271103997,0
7690-KPNCU,0.10111634017958916,0
2969-WGHQO,0.2458280598575317,0
1855-CFULU,0.39330041429787865,0
9788-YTFGE,0.3056581549474452,0
8266-VBFQL,0.8386021895222702,1
2325-NBPZG,0.7588584756383199,1
9906-NHHVC,0.08660402667857006,0
2541-YGPKE,0.07440743206742768,0
5049-MUBWG,0.15077093024168006,0
2332-TODQS,0.051430917386444314,0
4419-UJMUS,0.15077333843339807,0
2233-TXSIU,0.16954706722243212,0
6770-XUAGN,0.4029277255622751,0
2919-HBCJO,0.8032596409829575,1
9508-ILZDG,0.6662940206202773,1
5442-BHQNG,0.7925802231746193,1
7250-EQKIY,0.6110421329153072,1
6838-HVLXG,0.2464900632745193,0
9767-FFLEM,0.5439538105969076,1
2245-ADZFJ,0.08596290228459902,0
1150-WFARN,0.19669200641151613,0
9054-FOWNV,0.742716014541801,1
7997-EASSD,0.18037506969826583,0
7560-QJAVJ,0.024443107892869534,0
2668-TZSPS,0.3925724434876198,0
9139-WQQDY,0.39802202584659346,0
6726-NNFWD,0.10461184977019895,0
9330-DHBFL,0.09369385879351275,0
5727-MYATE,0.019266583226679134,0
2824-DXNKN,0.05275009907862813,0
6166-ILMNY,0.7849450734464923,1
5236-XMZJY,0.19736762813659367,0
1709-EJDOX,0.007914201912800956,0
4962-CHQPW,0.033912260595662144,0
0301-FIDRB,0.024319255775017295,0
1820-TQVEV,0.9006999622011665,1
9115-YQHGA,0.2796296843448806,0
1541-ETJZO,0.48627481390843114,0
6230-BSUXY,0.9172760433333351,1
6797-LNAQX,0.09471347948515256,0
9588-YRFHY,0.019124767392927972,0
1092-GANHU,0.6388896401782914,1
5951-AOFIH,0.3072935673968117,0
7029-RPUAV,0.8148459536217372,1
4700-UBQMV,0.2515181142064587,0
3594-UVONA,0.1849472604783592,0
7750-EYXWZ,0.37131153865652405,0
7054-ENNGU,0.4450637480814208,0
0402-OAMEN,0.006176078327218642,0
2195-VVRJF,0.42520619475731314,0
8819-ZBYNA,0.23488504248218253,0
7748-UMTRK,0.7020867439141949,1
1741-WTPON,0.15245032421458488,0
7209-JCUDS,0.8598564517043371,1
2485-ITVKB,0.8295309272488022,1
9648-BCHKM,0.078856141046016,0
0743-HRVFF,0.25386411060485026,0
2522-AHJXR,0.3615157477245345,0
9143-CANJF,0.19081729888885818,0
1444-VVSGW,0.21785504388471083,0
6898-MDLZW,0.4063236846299966,0
0074-HDKDG,0.1098432847212997,0
3982-JGSFD,0.03890160147569693,0
7928-VJYAB,0.7703466997950571,1
1522-VVDMG,0.7668241213298121,1
2665-NPTGL,0.8145727159550287,1
8728-SKJLR,0.5551079866482115,1
7733-UDMTP,0.5528142999856493,1
0431-APWVY,0.43057674980941285,0
5081-NWSUP,0.23049078783098564,0
2746-DIJLO,0.16737257072926298,0
7277-OZCGZ,0.5998207747968245,1
5236-PERKL,0.21432250600902858,0
2788-CJQAQ,0.07485819010417029,0
3096-WPXBT,0.24315709140109,0
9962-BFPDU,0.424036588754173,0
2892-GESUL,0.02507122821260474,0
9741-YLNTD,0.8370373645026683,1
1205-WNWPJ,0.4292627393968869,0
3173-NVMPX,0.467132234849146,0
9661-MHUMO,0.561071795848857,1
6000-APYLU,0.8315247471761309,1
0048-PIHNL,0.03312708611973804,0
9420-LOJKX,0.7097710036471736,1
7061-OVMIM,0.06378485535584309,0
5671-RQRLP,0.12073863871064565,0
5129-JLPIS,0.6725467976819556,1
5170-PTRKA,0.08960180055026978,0
4819-HJPIW,0.38280871894439383,0
8780-RSYYU,0.15267508583746614,0
2335-GSODA,0.045792747861701066,0
5696-CEIQJ,0.06260608581884058,0
6169-PPETC,0.010492059526680024,0
4237-RLAQD,0.7447679450397728,1
7359-WWYJV,0.05526618388041909,0
8620-RJPZN,0.3654185219138426,0
7426-WEIJX,0.4088925461753883,0
7629-WIXZF,0.460291851843866,0
2616-FLVQC,0.02268258893902611,0
9163-GHAYE,0.39612575609707623,0
4464-JCOLN,0.10388361149225876,0
2971-SGAFL,0.5357922496794834,1
4735-ASGMA,0.8291782299025379,1
5245-VDBUR,0.10941836400448506,0
1493-AMTIE,0.5160372715399524,1
1112-CUNAO,0.740420724229597,1
7571-YXDAD,0.7931453192301434,1
8714-EUHJO,0.6383990956420583,1
9040-KZVWO,0.2659259544276053,0
6713-OKOMC,0.4604763792699508,0
8749-CLJXC,0.4705368432570177,0
4713-LZDRV,0.8983829304073774,1
6598-RFFVI,0.13033502009626505,0
7470-MCQTK,0.5886661464853344,1
5524-KHNJP,0.13129969355838095,0
1707-HABPF,0.28065126686444825,0
4581-LNWUM,0.6534949838473698,1
9710-ZUSHQ,0.6524416632684766,1
1697-LYYYX,0.030507343703235636,0
4013-GUXND,0.48783043850531693,0
5022-JNQEQ,0.7088076795111693,1
4983-CCWMC,0.771733508183009,1
6345-FZOQH,0.006322271142416121,0
0962-CQPWQ,0.00650316994999805,0
5495-GPSRW,0.025098557869497,0
2252-JHJGE,0.4279523076977585,0
7356-AYNJP,0.2235749231959001,0
2019-HDCZY,0.22943702000248972,0
8582-KRHPJ,0.2533387233740791,0
2867-UIMSS,0.898777664003778,1
3487-EARAT,0.13797824713230536,0
9926-PJHDQ,0.06720092327982019,0
0289-IVARM,0.24984335110768444,0
4672-FOTSD,0.3912434534997047,0
6198-PNNSZ,0.32074107146412,0
7603-USHJS,0.7031236598736669,1
6784-XYJAE,0.16193787137531265,0
3858-XHYJO,0.33416566801673275,0
1087-UDSIH,0.335024896286311,0
7251-LJBQN,0.4523529102902516,0
3200-MNQTF,0.0424794943972767,0
9359-UGBTK,0.07097411231822476,0
8160-HOWOX,0.6387871173086963,1
0258-NOKBL,0.8053744736864459,1
2800-QQUSO,0.7269005584349965,1
2129-ALKBS,0.1470228729948962,0
9972-VAFJJ,0.3599815756611989,0
4693-VWVBO,0.37377736055829924,0
6969-MVBAI,0.9095649582526197,1
4821-WQOYN,0.0052865538903053046,0
6769-DYBQN,0.5366135539551045,1
4018-PPNDW,0.01658781667475313,0
6288-CHQJB,0.027392633493439032,0
4905-JEFDW,0.5453108694535962,1
0559-CKHUS,0.03915585160296167,0
2659-VXMWZ,0.25095858755999284,0
6559-RAKOZ,0.49196341964004275,0
8809-XKHMD,0.07290603894874745,0
6365-HITVU,0.017312592996222335,0
0134-XWXCE,0.13595536676271688,0
9720-JJJOR,0.10149517665602309,0
2782-LFZVW,0.5052924129026567,1
6112-KTHFQ,0.21711088608954085,0
9220-ZNKJI,0.10629248905534906,0
9820-RMCQV,0.40857794419594534,0
9013-AQORL,0.23668153192040106,0
2040-OBMLJ,0.24801817130284853,0
5574-NXZIU,0.15621955795363687,0
5446-DKWYW,0.16734398967920855,0
0480-KYJVA,0.006726537636646477,0
1074-AMIOH,0.47249661215384653,0
0015-UOCOJ,0.6098040080464449,1
0256-LTHVJ,0.6032395520888991,1
4547-LYTDD,0.5919112486897873,1
1077-HUUJM,0.7541228117172175,1
2041-JIJCI,0.5924133411740986,1
1555-HAPSU,0.006970306098328892,0
4323-SADQS,0.49382557217681855,0
3292-PBZEJ,0.7674784907516399,1
6203-HBZPA,0.04674625798667464,0
9755-JHNMN,0.03932094517727632,0
7369-TRPFD,0.055102388236872156,0
9878-TNQGW,0.8869680407090883,1
2279-AXJJK,0.47807165971409193,0
5016-IBERQ,0.6124069568461749,1
1016-DJTSV,0.7299043400764007,1
8433-WPJTV,0.29994330349079296,0
8903-XEBGX,0.6999914147911335,1
2632-TACXW,0.011544945193426984,0
7952-OBOYL,0.8474827542661595,1
1470-PSXNM,0.44666207624861143,0
6227-HWPWX,0.5071463913872469,1
5924-SNGKP,0.03145867245223167,0
8818-DOPVL,0.6811019824930225,1
4521-WFJAI,0.05713092599588882,0
4724-WXVWF,0.5483758829943111,1
3717-OEAUQ,0.754475356410859,1
8165-ZJRNM,0.006218671072360305,0
7838-LAZFO,0.15547414372229948,0
0513-RBGPE,0.03152841176529788,0
7251-XFOIL,0.4224687484366425,0
2525-GVKQU,0.04776973638031484,0
7579-OOPEC,0.595861115856144,1
3795-GWTRD,0.03282682640157968,0
4750-ZRXIU,0.9225102964636049,1
5445-PZWGX,0.25031220089778483,0
0516-UXRMT,0.27464036911927137,0
0727-BNRLG,0.0823889154257009,0
3932-CMDTD,0.6370438673660725,1
1264-FUHCX,0.22060472583898355,0
6194-HBGQN,0.15856374659192682,0
4524-QCSSM,0.3489703653257973,0
4570-QHXHL,0.6450582706709805,1
2972-YDYUW,0.32099004498514827,0
2061-VVFST,0.17427162054801937,0
6874-SGLHU,0.4715859268708893,0
9844-FELAJ,0.35024415631332273,0
1902-XBTFB,0.6646791501544802,1
9039-RBEEE,0.2193662253851098,0
9369-XFEHK,0.643149384434331,1
3680-CTHUH,0.29694305315751246,0
3679-XASPY,0.43505125385518434,0
9089-UOWJG,0.4280265163714433,0
1574-DYCWE,0.010554228309466602,0
9779-DPNEJ,0.6081806758791928,1
2967-MXRAV,0.15192483447693664,0
0327-WFZSY,0.4875093342792953,0
1731-TVIUK,0.8109568427332241,1
7666-WKRON,0.16623100803875362,0
3865-ZYKAD,0.3534443303987974,0
1465-LNTLJ,0.44105622110974463,0
2696-RZVZW,0.013696214888553396,0
0685-MLYYM,0.7738471247383014,1
2778-OCLGR,0.42198176691207395,0
3982-XWFZQ,0.34564822771270376,0
4759-PXTAN,0.1979833081702433,0
1448-PWKYE,0.8555566383053065,1
8741-LQOBK,0.17712062168444684,0
8650-RHRKE,0.7595375648337728,1
7266-GSSJX,0.239105092915481,0
1265-HVPZB,0.10161945040810448,0
9640-ZSLDC,0.10895986052949808,0
0988-JRWWP,0.7218398329416742,1
1926-QUZNN,0.020735330066940595,0
9025-ZRPVR,0.23394333726816652,0
6527-PZFPV,0.038896412045341194,0
7460-ITWWP,0.613960397391826,1
1530-ZTDOZ,0.2829128954542849,0
4785-FCIFB,0.01358816161213787,0
9717-QEBGU,0.8316861580298488,1
0876-WDUUZ,0.802321652714758,1
7881-EVUAD,0.7599384125545432,1
4002-BQWPQ,0.26468618658022275,0
6377-WHAOX,0.6761330157016152,1
5027-YOCXN,0.2748614606236417,0
8450-JOVAH,0.45496726072935334,0
6646-QVXLR,0.5049451599821921,1
0254-KCJGT,0.20203547852184744,0
3442-ZHHCC,0.19431753979755165,0
9167-APMXZ,0.6659878528436604,1
0616-ATFGB,0.818761628264153,1
7273-TEFQD,0.8301733587258715,1
8245-UMPYT,0.8513037143745052,1
6022-UGGSO,0.6443527232950994,1
6292-TOSSS,0.041896585635367176,0
5207-PLSTK,0.5928729549563696,1
3908-BLSYF,0.8411266229404002,1
4317-VTEOA,0.7088208329969496,1
0625-AFOHS,0.016418545363330667,0
4667-OHGKG,0.34421873301693856,0
2386-OWURY,0.5252316983520907,1
3780-DDGSE,0.28414972796169635,0
1047-RNXZV,0.011726259918277948,0
3926-YZVVX,0.06966705814300665,0
4742-TXUEX,0.006809477779281051,0
8709-KRDVL,0.750954031526731,1
0397-ZXWQF,0.006577899274620038,0
3910-MRQOY,0.006728288501277779,0
2511-MORQY,0.11496698495145583,0
4039-PIMHX,0.0713273267369508,0
8083-YTZES,0.8741445125141931,1
1346-PJWTK,0.2773924263505778,0
3750-YHRYO,0.09002569394744599,0
1236-WFCDV,0.7419368217771714,1
5949-HGVJL,0.3858210263990181,0
9112-WSNPU,0.5809340055140957,1
1360-JYXKQ,0.4927292604605464,0
3585-ISXZP,0.865535517383701,1
8380-PEFPE,0.7978872633765247,1
9402-ROUMJ,0.16659250880631343,0
4335-UPJSI,0.015145650116740277,0
6096-EGVTU,0.06367914790768217,0
8988-ECPJR,0.585056604234726,1
7677-SJJJK,0.12489468384634411,0
5850-BDWCY,0.32214909186741436,0
2025-JKFWI,0.749942533951122,1
8028-PNXHQ,0.01742661948322061,0
8397-MVTAZ,0.7886797868229991,1
4445-ZJNMU,0.8811052779507296,1
3125-RAHBV,0.04176653015586949,0
6682-QJDGB,0.1665556450128098,0
8840-DQLGN,0.469963323366363,0
6258-NGCNG,0.374510873454008,0
5917-RYRMG,0.04330426315254384,0
7157-SMCFK,0.014293235035937348,0
0816-TSPHQ,0.30115798086406975,0
6766-HFKLA,0.20341306521781413,0
7067-KSAZT,0.41770790033409155,0
5155-AZQPB,0.2764686632986691,0
6890-PFRQX,0.27623158769129313,0
3508-VLHCZ,0.02096084090400515,0
3649-JPUGY,0.03995275867895504,0
9248-OJYKK,0.9280711902663032,1
7239-HZZCX,0.4603352156004627,0
9860-LISIZ,0.12256063192510039,0
6979-ZNSFF,0.8890859941869702,1
8938-UMKPI,0.6792596855923241,1
1820-DJFPH,0.009915625447312807,0
0732-OCQOC,0.04571510189481937,0
6776-TLWOI,0.3334482556608235,0
4940-KHCWD,0.028561027413452927,0
9057-SIHCH,0.9213959379671185,1
9866-QEVEE,0.7112544326632533,1
5542-TBBWB,0.8966314204591868,1
4587-VVTOX,0.797522998496746,1
6322-HRPFA,0.12619673433884004,0
6284-AHOOQ,0.6254680934726593,1
4530-NDRKU,0.04096140406200114,0
1751-NCDLI,0.7836534441086537,1
3893-JRNFS,0.32435703435406793,0
5857-XRECV,0.1281780426605876,0
3115-CZMZD,0.03521004628090281,0
4489-SNOJF,0.27102283976570657,0
1051-GEJLJ,0.3363252228651875,0
3563-SVYLG,0.029069175168470757,0
4301-VVZKA,0.7031484786516708,1
9351-HXDMR,0.10346371882503685,0
5161-XEUVX,0.13003738526144262,0
3088-FVYWK,0.027975982002316203,0
9812-GHVRI,0.6191481126469048,1
1370-GGAWX,0.39904668893914663,0
6023-YEBUP,0.933357983915714,1
9940-RHLFB,0.8252832361240563,1
4541-RMRLG,0.2619496795198357,0
2606-RMDHZ,0.5598702110769909,1
5575-TPIZQ,0.5104938307679183,1
9378-FXTIZ,0.2558082694059299,0
4631-OACRM,0.7224229538835361,1
8593-WHYHV,0.9134436976319587,1
1403-GYAFU,0.004293022697870657,0
7641-TQFHN,0.17804816786054867,0
4237-CLSMM,0.33606704807122734,0
4360-PNRQB,0.6376422890886129,1
5334-AFQJB,0.026793231869926153,0
9308-ANMVE,0.17870394414086938,0
3530-VWVGU,0.11758941543961371,0
4674-HGNUA,0.016633228004294023,0
3030-YDNRM,0.8335077796505241,1
3642-BYHDO,0.0042103167398481346,0
0440-UEDAI,0.2587122611369426,0
9819-FBNSV,0.5822433138793146,1
9289-LBQVU,0.13339919268576664,0
4468-YDOVK,0.4925847908912104,0
2001-EWBQU,0.2363285811578167,0
9992-UJOEL,0.6402613172892353,1
8409-WQJUX,0.29564632715510747,0
3077-RSNTJ,0.23509793243753052,0
6993-YCOBK,0.13777219874363694,0
4817-VYYWS,0.765798883186096,1
4702-HDRKD,0.07187614032838971,0
3251-YMVWZ,0.043491159052465776,0
4190-MFLUW,0.34677981112491807,0
4678-DVQEO,0.7023714871814626,1
4701-AHWMW,0.30380940908379317,0
2987-BJXIK,0.030671692137698398,0
1730-VFMWO,0.2101631034003404,0
1936-UAFEH,0.1103427016525054,0
5140-FOMCQ,0.3025214386610781,0
8778-LMWTJ,0.740207448585148,1
9840-DVNDC,0.8475511538984537,1
8033-VCZGH,0.5563431344897394,1
8580-QVLOC,0.018088528085436064,0
6128-AQBMT,0.5868379528216554,1
6257-RJOHI,0.5356847191154654,1
1929-ZCBHE,0.1603696359074925,0
6242-SGYTS,0.1933375968385389,0
7010-ZMVBF,0.12199411412996113,0
3519-ZKXGG,0.8912187887531609,1
5666-MBJPT,0.021946609218184115,0
3313-QKNKB,0.36187399643323015,0
7581-EBBOU,0.12686529121236706,0
1784-BXEFA,0.26303211513353636,0
7492-TAFJD,0.14268445633285687,0
5213-TWWJU,0.5699382890677519,1
3312-ZWLGF,0.7087627649511479,1
2923-ARZLG,0.10510471408585233,0
7032-LMBHI,0.12331449345815694,0
8292-ITGYJ,0.0445188181892168,0
9107-UKCKY,0.23636183501712354,0
6848-HJTXY,0.01040453773098943,0
4184-VODJZ,0.3258052105078798,0
4846-WHAFZ,0.669013168239774,1
8735-SDUFN,0.00922179611035887,0
0839-JTCUD,0.021979530474551395,0
6857-VWJDT,0.8925361749202452,1
7363-QTBIW,0.8479503174058505,1
6158-HDPXZ,0.7229403388914182,1
5419-CONWX,0.9107968809810488,1
9286-DOJGF,0.6621090748141497,1
2408-PSJVE,0.16192518933905803,0
2087-QAREY,0.3499481975372037,0
6777-TGHTM,0.44829513762069567,0
6507-ZJSUR,0.7469584767769847,1
5025-GOOKI,0.1846334166104393,0
6080-LNESI,0.029473383921435715,0
2236-HILPA,0.006005696316987775,0
1386-ZIKUV,0.25786622819347577,0
3365-SAIGS,0.7137549853862526,1
6061-GWWAV,0.13073623631400538,0
9979-RGMZT,0.6997885267167223,1
8445-DNBAE,0.6937354274892824,1
6872-HXFNF,0.06972425296356916,0
1320-HTRDR,0.8761429965866894,1
3923-CSIHK,0.5819478061579106,1
2446-ZKVAF,0.3078282818062592,0
4640-UHDOS,0.4835103227522237,0
5457-COLHT,0.019858469172048924,0
2254-DLXRI,0.8716654352598938,1
5339-PXDVH,0.7484868462051257,1
2386-LAHRK,0.7172297287526661,1
5062-CJJKH,0.14826786150795673,0
8930-XOTDP,0.3434904395057379,0
4779-ZGICK,0.012815964174024459,0
9534-NSXEM,0.059247717310570845,0
3716-BDVDB,0.8898756556916698,1
9842-EFSYY,0.5878394018849834,1
9122-UMROB,0.42908774080021694,0
1867-BDVFH,0.7839788809194294,1
5949-EBSQK,0.3976966483525724,0
4160-AMJTL,0.4055367996016951,0
8622-ZLFKO,0.8994774033653892,1
2990-IAJSV,0.018718242496708573,0
6064-ZATLR,0.0595501220261664,0
7409-KIUTL,0.8296374541567659,1
5505-OVWQW,0.10065879067630548,0
3948-KXDUF,0.029356736690072174,0
9814-AOUDH,0.011144595315102182,0
7398-LXGYX,0.4861816345336665,0
5266-PFRQK,0.030323205230507258,0
1568-BEKZM,0.034571798386074507,0
2692-PFYTJ,0.41194971963671756,0
2533-QVMSK,0.15106268581792848,0
5828-AVIPD,0.5560042367767483,1
2907-ILJBN,0.09268296699693618,0
5226-NOZFC,0.6952557135020835,1
7114-AEOZE,0.009253418383051626,0
2202-CUYXZ,0.9144741726129616,1
3466-RITXD,0.645018601070891,1
7278-CKDNC,0.7215987714845723,1
1956-YIFGE,0.4632485652029039,0
0422-UXFAP,0.594574307832854,1
3733-UOCWF,0.18197542530113608,0
7191-ADRGF,0.11655219798247866,0
5709-LVOEQ,0.09372041285656728,0
6034-YMTOB,0.7340521694437019,1
6372-RFVNS,0.9039745371854546,1
9052-DHNKM,0.1310265171118203,0
5609-IMCGG,0.6155044110140724,1
2959-MJHIC,0.8661622511602082,1
1319-YLZJG,0.6544474876910626,1
7623-TRNQN,0.5288117350170486,1
0377-JBKKT,0.17281503968617423,0
1936-CZAKF,0.11571419695187063,0
5063-IUOKK,0.03593146214229492,0
8646-JCOMS,0.15967721320968684,0
0979-MOZQI,0.07145681672420862,0
1525-LNLOJ,0.0521855521658676,0
5759-RCVCB,0.6593538686033064,1
9968-FFVVH,0.09261441833863274,0
2266-FUBDZ,0.03030076213252296,0
4760-THGOT,0.5983466409644986,1
2307-FYNNL,0.24232152626020712,0
1143-NMNQJ,0.9223253529175466,1
1629-DQQVB,0.303689981983115,0
3766-EJLFL,0.17061825335250907,0
8457-XIGKN,0.16248047176712022,0
4981-FLTMF,0.12255898872435651,0
7606-BPHHN,0.008520736313582572,0
7005-CCBKV,0.8524676589432967,1
4648-YPBTM,0.06369913656292538,0
2325-ZUSFD,0.12786032615640283,0
1240-KNSEZ,0.6217786430713165,1
0430-IHCDJ,0.617347978093528,1
7957-RYHQD,0.5216921592811437,1
6164-HAQTX,0.018502055172333647,0
0749-IRGQE,0.6944644405501628,1
1227-UDMZR,0.026265296277499153,0
5473-KHBPS,0.3072385085976434,0
5297-MDOIR,0.13228001473697262,0
8873-TMKGR,0.04357356262007591,0
6481-ESCNL,0.7019553199677385,1
0463-WZZKO,0.3571497913979121,0
1038-RQOST,0.10311973093505292,0
4937-QPZPO,0.5155455908675552,1
3604-WLABM,0.47876252179781736,0
1360-XFJMR,0.2755411715925791,0
8717-VCTXJ,0.03457809654092967,0
5196-SGOAK,0.8726958078224449,1
8739-XNIKG,0.9071764615890697,1
2320-TZRRH,0.054400932367603044,0
5186-SAMNZ,0.8641088822339322,1
5760-FXFVO,0.7384329127894058,1
5380-WJKOV,0.7448367302273627,1
4703-MQYKT,0.019596231352115294,0
2001-MCUUW,0.25485443223167326,0
4947-DSMXK,0.6793626123472325,1
0076-LVEPS,0.19216932462396732,0
5566-SOEZD,0.19478629025290367,0
7408-OFWXJ,0.01595532429757902,0
1097-FSPVW,0.18742290738267692,0
4412-YLTKF,0.7481863997626732,1
0420-TXVSG,0.045690057210613484,0
7817-BOQPW,0.8781207248753005,1
0963-ZBDRN,0.6888163824977869,1
9685-WKZGT,0.7649211261619175,1
2139-FQHLM,0.5048298869632918,1
5825-XJOCM,0.09576982099164234,0
0004-TLHLJ,0.8135836487699726,1
7529-ZDFXI,0.5970741105301665,1
6848-YLDFR,0.12156888641952937,0
5820-PTRYM,0.12320609811277972,0
2984-RGEYA,0.004745402917059141,0
6434-TTGJP,0.10058637532252535,0
9643-AVVWI,0.7833457963580288,1
3506-OVLKD,0.0781064786516315,0
4946-EDSEW,0.21220941022373624,0
2924-KHUVI,0.5107517399070383,1
2263-SFSQZ,0.03889859012727405,0
5281-BUZGT,0.6696667607601203,1
3717-FDJFU,0.04223099502334586,0
2239-CFOUJ,0.16480861686584433,0
8699-ASUFO,0.8384723188798346,1
1122-YJBCS,0.0840392267964064,0
0628-CNQRM,0.12907203529735545,0
1705-GUHPV,0.015922978624983156,0
4877-TSOFF,0.1479629808896519,0
7404-JLKQG,0.6432762776589025,1
0379-DJQHR,0.023519901879813933,0
8993-PHFWD,0.7141473542246835,1
3930-ZGWVE,0.4603352156004627,0
1965-DDBWU,0.6167801504303572,1
7572-KPVKK,0.2438439882261705,0
6854-EXGSF,0.4341876291693327,0
9483-GCPWE,0.0948655656528981,0
8053-WWDRO,0.2916683147702618,0
9473-CBZOP,0.12341275897283166,0
3985-HOYPM,0.052954053806736096,0
8378-LKJAF,0.6699860976148484,1
1310-QRITU,0.5007135967855049,1
3237-AJGEH,0.564544295906916,1
6542-LWGXJ,0.6902072886405151,1
6953-PBDIN,0.03571491950107632,0
6332-FBZRI,0.12443201142029386,0
9365-CSLBQ,0.011144154409574395,0
3466-WAESX,0.35002383335497256,0
9700-ISPUP,0.46799402833665027,0
5167-ZFFMM,0.8888473553053187,1
7669-LCRSD,0.4717731439991185,0
0870-VEMYL,0.40231692658059093,0
2995-UPRYS,0.39138788377295636,0
3179-GBRWV,0.31312525500641275,0
0701-TJSEF,0.364510651685677,0
1848-LBZHY,0.512714068756375,1
5380-XPJNZ,0.032410556174941756,0
6608-QQLVK,0.7604230797064806,1
1475-VWVDO,0.8094412564163456,1
3721-CNEYS,0.8214175941154259,1
4299-OPXEJ,0.0295749823697119,0
0096-BXERS,0.633591883756312,1
3055-VTCGS,0.09783166084515871,0
9405-GPBBG,0.1322584892779858,0
6704-UTUKK,0.5329841321370679,1
9944-AEXBM,0.6951953255262706,1
2545-EBUPK,0.9361887361593875,1
6270-OMFIW,0.4355183290171167,0
1852-XEMDW,0.2573227352712644,0
8158-WPEZG,0.5117144774507152,1
5198-EFNBM,0.4243095017056906,0
7663-RGWBC,0.6871088717030689,1
3970-XGJDU,0.021300198863122254,0
6845-RGTYS,0.5619175847087509,1
0123-CRBRT,0.026542074115160533,0
6077-BDPXA,0.8189060080220806,1
2250-IVBWA,0.26552562017569925,0
6137-NICCO,0.8471375582943929,1
8129-GMVGI,0.008564941028966079,0
4353-HYOJD,0.23389779783677975,0
8671-KKKOS,0.27122994876088985,0
8080-DDEMJ,0.7438251406045109,1
6698-OXETB,0.04425765323539426,0
3312-UUMZW,0.7232793407534,1
6376-GAHQE,0.8455064272779371,1
0733-VUNUW,0.26235445371442717,0
6733-LRIZX,0.29388638359184527,0
2165-VOEGB,0.29024735739760266,0
1853-UDXBW,0.8506320848670343,1
9070-BCKQP,0.08864621485353003,0
1035-IPQPU,0.7161563137540613,1
2057-ZBLPD,0.7574748322353764,1
6967-PEJLL,0.18485262894550897,0
7879-CGSFV,0.3550870270071048,0
2257-BOVXD,0.43898968939989036,0
9822-BIIGN,0.1621204937595498,0
1136-XGEQU,0.1908804701689762,0
2439-LYPMQ,0.7470406211620837,1
6543-XRMYR,0.7774686227384056,1
5753-QQWPW,0.1160354145658524,0
4785-QRJHC,0.21886798151991438,0
0052-YNYOT,0.05040213196999267,0
7054-LGEQW,0.7075553085034523,1
0608-JDVEC,0.02277652712274657,0
6284-KMNUF,0.48261230625427054,0
6286-SUUWT,0.49111788777038656,0
3594-KADLU,0.5194822328506875,1
0536-ACXIP,0.15021294464869545,0
8869-TORSS,0.08386823720677031,0
0373-AIVNJ,0.25167974860795583,0
6429-SHBCB,0.3697499416818821,0
5751-USDBL,0.028116654474625066,0
6815-ABQFQ,0.4721232912299233,0
9450-TRJUU,0.6879259349044373,1
2805-AUFQN,0.022455849027118845,0
7855-DIWPO,0.6041118084548968,1
0174-QRVVY,0.006877529432856733,0
9507-EXLTT,0.8815510617838793,1
8390-FESFV,0.04259665437367227,0
0661-KBKPA,0.17915162903604565,0
6856-RAURS,0.8659597945718925,1
7322-OCWHC,0.1027995133282888,0
2203-GHNWN,0.6073802112223632,1
3413-CSSTH,0.2720467060432036,0
3006-XIMLN,0.9229370448425437,1
3750-CKVKH,0.806008111170414,1
0576-WNXXC,0.7508412798171025,1
7056-IMHCC,0.7568012780570879,1
0866-QLSIR,0.1234316988847504,0
1628-BIZYP,0.9013620496546781,1
2230-XTUWL,0.011422153987579613,0
1980-KXVPM,0.85374747169612,1
8619-IJNDK,0.04862305878529133,0
2960-NKRSO,0.5617138778756894,1
6705-LXORM,0.7221390980450935,1
7130-VTEWQ,0.8634718856829504,1
9364-YKUVW,0.20069417794254144,0
2761-OCIAX,0.8167187690348612,1
7996-BPXHY,0.05927553443654008,0
4248-QPAVC,0.6455887609843158,1
9357-UJRUN,0.15221425956587176,0
6340-DACFT,0.010522006900198852,0
1023-BQXZE,0.06506177847691116,0
5480-HPRRX,0.7465959110205078,1
9576-SYUHJ,0.6321728001216541,1
2169-RRLFW,0.00810624549099167,0
8338-QIUNR,0.07272372147530423,0
0463-TXOAK,0.03320539859118346,0
4396-KLSEH,0.3849990213587916,0
5186-EJEGL,0.349333620547669,0
9334-GWGOW,0.8851739726537153,1
5696-JVVQY,0.05621680827002594,0
9633-DENPU,0.27039435817441637,0
0581-BXBUB,0.7424180200517794,1
2750-BJLSB,0.4071866838187344,0
2770-NSVDG,0.4509863710693953,0
8280-MQRQN,0.7022518755121078,1
7851-FLGGQ,0.6218232260609189,1
9374-YOLBJ,0.33936911564767075,0
6583-SZVGP,0.2510831387180676,0
2150-OEGBV,0.044947834159392686,0
9372-TXXPS,0.023738886403398406,0
6933-FHBZC,0.2257192745151763,0
4698-KVLLG,0.020151561078682517,0
8752-STIVR,0.8876743082154993,1
8623-ULFNQ,0.41392701962381295,0
9822-WMWVG,0.4502512470856931,0
4304-TSPVK,0.09413928052872889,0
1716-LSAMB,0.06578373366769395,0
3523-QRQLL,0.25561693208916314,0
2187-PKZAY,0.7780242669944519,1
1895-QTKDO,0.6380898579498322,1
8161-QYMTT,0.9167053802682223,1
2955-PSXOE,0.5380394799510375,1
6834-NXDCA,0.6327781241177773,1
8701-DGLVH,0.01300803703360634,0
2480-SQIOB,0.5811060836668982,1
4993-JCRGJ,0.5853960251736396,1
0581-MDMPW,0.6599081332547619,1
7789-CRUVC,0.2845475703806457,0
0164-APGRB,0.09096266342986291,0
8034-RYTVV,0.20850122366850382,0
3018-TFTSU,0.596364267180798,1
9777-IQHWP,0.10739519412743387,0
6899-PPEEA,0.794920384647263,1
6701-YVNQG,0.02450088212472725,0
7649-PHJVR,0.09039157349892028,0
9278-VZKCD,0.6129022133811397,1
7636-PEPNS,0.08957429138787532,0
1575-KRZZE,0.5007399951069741,1
8590-OHDIW,0.02658175602777057,0
7764-BDPEE,0.24401693711330247,0
9480-BQJEI,0.2808747297703924,0
3354-OADJP,0.18444815300379191,0
3181-MIZBN,0.29110463291852023,0
9327-QSDED,0.4975742912846217,0
4892-VLANZ,0.46247055238362555,0
0298-XACET,0.03853481046185204,0
6917-FIJHC,0.010247387157835044,0
6557-BZXLQ,0.6001888122369736,1
2432-TFSMK,0.3998993313873612,0
4211-MMAZN,0.439857031969066,0
4751-ERMAN,0.05316472511116313,0
8430-TWCBX,0.03361038746823201,0
1942-OQFRW,0.6865159318758378,1
4075-JFPGR,0.3545564764655016,0
3339-EAQNV,0.3360511934361367,0
5329-KRDTM,0.07989289963671253,0
0307-BCOPK,0.06078193624712877,0
6473-ULUHT,0.3465194044525465,0
1194-SPVSP,0.4459997890892135,0
7249-WBIYX,0.8756679173465268,1
2293-IJWPS,0.49310611471499,0
4377-VDHYI,0.384307432160559,0
0019-EFAEP,0.10003287999436375,0
2480-EJWYP,0.48852714116724594,0
8970-ANWXO,0.27076910671804594,0
8739-WWKDU,0.7955697466152867,1
2171-UDMFD,0.18241531512603992,0
7036-TYDEC,0.2106145573514575,0
3831-YCPUO,0.060219707415673576,0
0121-SNYRK,0.0888165131714395,0
3325-FUYCG,0.39361568664273455,0
1952-DVVSW,0.11335114211162245,0
3571-DPYUH,0.2250155373117803,0
2077-MPJQO,0.8774222841225601,1
2391-SOORI,0.5490173667405217,1
4086-ATNFV,0.10313337873414738,0
3396-DKDEL,0.08566400745488027,0
7471-MQPOS,0.16839417435915885,0
7181-OQCUT,0.6697774869402591,1
3489-VSFRD,0.09132163207841154,0
6283-GITPX,0.0200514956481202,0
2845-HSJCY,0.7999195572900888,1
7216-KAOID,0.02691186572989409,0
6680-WKXRZ,0.798995605015719,1
2346-LOCWC,0.007479150238868756,0
0769-MURVM,0.019611401999939604,0
3374-LXDEV,0.6356647951244361,1
5318-YKDPV,0.03664248079726757,0
8190-ZTQFB,0.2699983961206999,0
4512-ZUIYL,0.7492368182342083,1
3090-QFUVD,0.379527660608344,0
4806-KEXQR,0.8731668115221509,1
2369-FEVNO,0.5353726877875538,1
9637-CDTKZ,0.06866915640584177,0
2954-PIBKO,0.035703306464267164,0
2212-LYASK,0.19336109148768532,0
9481-SFCQY,0.3791828912916565,0
2828-SLQPF,0.38319489267520024,0
4647-MUZON,0.7396544423260756,1
8212-DJRCH,0.7188124993946763,1
0516-OOHAR,0.40019794891751587,0
4973-RLZVI,0.22008331981146373,0
8089-UZWLX,0.17289529544021295,0
9732-KPKBW,0.5613997916808023,1
9715-WZCLW,0.11653544511527231,0
0257-KXZGU,0.26450276091583774,0
0707-HOVVN,0.07509416219005582,0
5501-TVMGM,0.7760214230262565,1
3422-LYEPQ,0.840285768513886,1
2277-VWCNI,0.6622183680355497,1
5461-QKNTN,0.5997600177454949,1
3967-KXAPS,0.019280049503053353,0
6919-ELBGL,0.063429841253191,0
8361-LTMKD,0.8471089411232913,1
1131-ALZWV,0.06980584229190334,0
5178-LMXOP,0.9422370893749785,1
8992-CEUEN,0.39427867509326764,0
3320-VEOYC,0.8710924804835009,1
3672-YITQD,0.7528643572945609,1
6080-TCMYC,0.6155020230931263,1
6734-FQAJX,0.12401486127860414,0
1063-DHQJF,0.06997854964502423,0
3976-NLDEZ,0.5539881351732479,1
1729-VLAZJ,0.14382602616665627,0
3400-ESFUW,0.01888654709833716,0
5271-YNWVR,0.08797486444632077,0
1587-FKLZB,0.5632715981420763,1
0958-YHXGP,0.7386683245224217,1
1494-EJZDW,0.047628560506094,0
1816-FLZDK,0.58947240336382,1
2075-PUEPR,0.04587627529130385,0
1833-TCXKK,0.6668586186736425,1
1436-ZMJAN,0.5472814517392244,1
0106-UGRDO,0.10313679383029666,0
1069-XAIEM,0.9486411923072959,1
4213-HKBJO,0.02167379326768078,0
8345-MVDYC,0.0373865212218257,0
2672-OJQZP,0.6816481603812288,1
5136-RGMZO,0.3450047840066185,0
5774-QPLTF,0.03345079166506684,0
5240-CAOYT,0.2830686731508062,0
3707-GNWHM,0.8779548660588081,1
5159-YFPKQ,0.8549434840455705,1
5052-PNLOS,0.7655965854898397,1
6173-GOLSU,0.61159660048126,1
6661-HBGWL,0.7007632945393318,1
8207-VVMYB,0.015023803588672582,0
5324-KTGCG,0.047943177732648515,0
7354-OIJLX,0.832097546830458,1
9286-BHDQG,0.012281221335359256,0
3567-PQTSO,0.47362612195349507,0
3197-ARFOY,0.6380963453875376,1
5698-BQJOH,0.857210751011136,1
1090-ESELR,0.053487529484068985,0
0056-EPFBG,0.06319574968888883,0
4955-VCWBI,0.025795055708501546,0
4717-GHADL,0.09952616797679811,0
0058-EVZWM,0.488338814218614,0
7218-HKQFK,0.8507316283445802,1
5057-RKGLH,0.04789418884352257,0
2309-OSFEU,0.628413223848389,1
3429-IFLEM,0.02254953087276238,0
1550-LOAHA,0.5869962184359789,1
1400-MMYXY,0.8946661834903119,1
7503-QQRVF,0.6714459319897423,1
7504-UWHNB,0.5812719397415649,1
9565-JSNFM,0.2451885511274331,0
4735-BJKOU,0.0132287507148197,0
3580-GICBM,0.016471931762526648,0
7632-YUTXB,0.04410624450157157,0
9412-ARGBX,0.08996005303471336,0
9576-ANLXO,0.7745471084194357,1
1110-KYLGQ,0.33604632374505133,0
8696-JKZNU,0.6788378238388316,1
8757-TFHHJ,0.6036660241374574,1
2955-BJZHG,0.6143640209576238,1
9048-JVYVF,0.6382314980831734,1
0682-USIXD,0.6697940658015987,1
3884-UEBXB,0.02172207349315544,0
1776-SPBWV,0.040417119109474965,0
9050-QLROH,0.6870649396578963,1
2925-VDZHY,0.016131332323431377,0
9512-UIBFX,0.6609408090575166,1
8676-TRMJS,0.7762411059990746,1
3334-CTHOL,0.7041284522200966,1
6331-LWDTQ,0.5638906956034421,1
3847-BAERP,0.2554408191301801,0
4709-LKHYG,0.04716420621302309,0
8621-MNIHH,0.6837995071012587,1
8884-ADFVN,0.9245707755937769,1
2885-HIJDH,0.025408085727926945,0
8570-KLJYJ,0.1028804867159317,0
9339-FIIJL,0.026514504993293837,0
6223-DHJGV,0.033092006520310344,0
0959-WHOKV,0.40424849439833754,0
9610-WCESF,0.07352685109030051,0
9279-CJEOJ,0.7950048629196536,1
2985-FMWYF,0.8091159318443266,1
3540-RZJYU,0.6444968391205943,1
2522-WLNSF,0.13208741080100986,0
6861-XWTWQ,0.933939359665802,1
8735-NBLWT,0.18034215579589521,0
1744-JHKYS,0.14806190968504446,0
0841-NULXI,0.8733102571354114,1
4016-BJKTZ,0.29464659078848154,0
9298-WGMRW,0.07574614349075337,0
7893-IXHRQ,0.3674957341589989,0
8785-CJSHH,0.666089007044361,1
7654-YWJUF,0.14371482637003602,0
8909-BOLNL,0.15449390084537953,0
9919-FZDED,0.06597781895202347,0
0322-CHQRU,0.7101839912914827,1
3587-PMCOY,0.6094758974773784,1
0655-RBDUG,0.9150946940967744,1
0983-TATYJ,0.10695549121821643,0
5650-YLIBA,0.6978856377018756,1
5144-TVGLP,0.7339541427068028,1
3569-EDBPQ,0.6212114700768022,1
4945-RVMTE,0.39647226428199,0
3511-BFTJW,0.018022369418035485,0
5537-UXXVS,0.17472513830645656,0
8782-NUUOL,0.1088966073362998,0
2865-TCHJW,0.9177952394218591,1
9931-KGHOA,0.18132820416739326,0
3071-MVJCD,0.018152266384713768,0
7279-BUYWN,0.6198634314188172,1
3756-VNWDH,0.3848004887921432,0
1395-OFUWC,0.2970502731504079,0
4223-BKEOR,0.1252823902748892,0
0040-HALCW,0.008485942820404753,0
7124-UGSUR,0.41254379406544006,0
7395-XWZOY,0.3451660137335635,0
5440-VHLUL,0.3085903676102165,0
4706-DGAHW,0.7528416873345667,1
8166-ORCHU,0.3470267640086437,0
3978-YNKDD,0.01728206339032082,0
7198-GLXTC,0.8722344675106348,1
6366-XIVKZ,0.3534665398574055,0
5133-POWUA,0.7468195216053959,1
8400-WZICQ,0.19168901665386617,0
5382-SOYZL,0.8132247448373404,1
1989-PRJHP,0.70724630610417,1
4154-AQUGT,0.6772755029142401,1
0980-FEXWF,0.12572906010739487,0
5845-BZZIB,0.010833522828569206,0
4840-ORQXB,0.6734845583560156,1
0295-PPHDO,0.9264829640644201,1
8775-ERLNB,0.8590621694455423,1
0376-YMCJC,0.7378468755704368,1
7410-YTJIK,0.7879074372134929,1
9927-DSWDF,0.6534761669659054,1
6681-ZSEXG,0.05439739394900682,0
5702-KVQRD,0.03993736352235108,0
8711-LOBKY,0.007429157359594328,0
9692-TUSXH,0.7717232609470042,1
4012-YCFAI,0.02305984375091181,0
8455-HIRAQ,0.48996466959022633,0
7853-WNZSY,0.3969442666128541,0
0390-DCFDQ,0.8529365845967939,1
6421-SZVEM,0.3007143600451815,0
3094-JOJAI,0.5772639188192756,1
4873-ILOLJ,0.7165514756598296,1
8181-YHCMF,0.028970886925971964,0
3324-OIRTO,0.18096878429896088,0
9135-HSWOC,0.008730097421078152,0
2272-WUSPA,0.12533621120837898,0
4627-MIHJH,0.1300406482771868,0
3896-RCYYE,0.25035733226056234,0
6729-GDNGC,0.6067875509399185,1
9945-PSVIP,0.02760312501382628,0
4137-JOPHL,0.13506185442289065,0
2720-FVBQP,0.5556631163187379,1
7854-EKTJL,0.3635802875615516,0
1133-KXCGE,0.07444451578019115,0
6048-QBXKL,0.6128424931890081,1
6338-AVWCY,0.7165529813220803,1
0013-MHZWF,0.49121515977371477,0
9804-ICWBG,0.8966314204591868,1
2368-GAKKQ,0.10240578581651572,0
4829-AUOAX,0.6178930395114397,1
7876-BEUTG,0.464940392088631,0
6349-JDHQP,0.011436296237578908,0
3063-QFSZL,0.7528459460987218,1
9142-XMYJH,0.13355870220745658,0
2609-IAICY,0.9025811262964498,1
8626-PTQGE,0.03164719070735471,0
0230-UBYPQ,0.0634138316536644,0
6814-ZPWFQ,0.09970883032576536,0
5921-NGYRH,0.2740355029730561,0
7803-XOCCZ,0.28479186451276334,0
1459-QNFQT,0.022709145167837543,0
3948-FVVRP,0.3560828852635728,0
0923-PNFUB,0.8067695468270142,1
4654-ULTTN,0.06257324306314857,0
5628-FCGYG,0.754819048819991,1
0506-LVNGN,0.7687681082403612,1
4329-YPDDQ,0.4335953312074623,0
9866-OCCKE,0.10284045251078529,0
0794-YVSGE,0.0038407703010018817,0
4342-HENTK,0.8084247294200668,1
5934-TSSAU,0.5426093733815959,1
9986-BONCE,0.3114090316429754,0
5301-GAUUY,0.6126636085008168,1
0725-CXOTM,0.17056253448372286,0
2843-CQMEG,0.3239220020512398,0
5600-PDUJF,0.48292406897374607,0
4500-HKANN,0.05212577022869553,0
1862-QRWPE,0.008262873238173811,0
2155-AMQRX,0.3156158287723585,0
0823-HSCDJ,0.5945241454289256,1
4090-KPJIP,0.8856474194932369,1
2737-YNGYW,0.8686400509675576,1
5619-XZZKR,0.1226020258240086,0
6047-YHPVI,0.7886088663495323,1
8375-DKEBR,0.9097977764830898,1
7729-XBTWX,0.008767022887284731,0
4983-CLMLV,0.5756409814318016,1
9227-LUNBG,0.7354700704690997,1
2758-RNWXS,0.3361924846442996,0
7055-HNEOJ,0.5118926400623889,1
7134-MJPDY,0.3420449877248665,0
4560-WQAQW,0.08845760069049369,0
8532-UEFWH,0.01892117270434191,0
8541-QVFKM,0.8201063996698514,1
7129-ACFOG,0.6292490374735256,1
2495-INZWQ,0.7922612593079776,1
0263-FJTQO,0.0596724908124949,0
0181-RITDD,0.17013870167061224,0
8241-JUIQO,0.04620422586409261,0
0913-XWSCN,0.47881928087583153,0
2159-TURXX,0.3213751782560238,0
6461-PPAXN,0.08605338400847179,0
1452-KIOVK,0.6163108669532752,1
1139-WUOAH,0.05364664973054606,0
3207-OYBWH,0.5448058326768639,1
8347-GDTMP,0.010414013201129587,0
9909-DFRJA,0.310971606100628,0
6383-ZTSIW,0.32818320248855215,0
5438-QMDDL,0.3739403374760574,0
8914-RBTSB,0.6236892398622577,1
6164-HXUGH,0.2685134197700351,0
6900-RBKER,0.20985648616298236,0
1492-QGCLU,0.2414920596004323,0
6664-FPDAC,0.4324635074336508,0
1088-AUUZZ,0.03704755318089646,0
6651-AZVTJ,0.756004039210325,1
8219-VYBVI,0.015303128716310281,0
0310-MVLET,0.6414166523353517,1
7233-IOQNP,0.1993859647795456,0
7311-MQJCH,0.16039893026394522,0
9256-JTBNZ,0.26831966181946576,0
8713-IGZSO,0.30900630684651753,0
6821-BUXUX,0.7348982078524089,1
9114-DPSIA,0.02288094183006236,0
4501-UYKBC,0.15828037500027167,0
2798-NYLMZ,0.22762020030579083,0
6711-VTNRE,0.6178019436840563,1
5966-EMAZU,0.22128182082386397,0
3627-FHKBK,0.6802137186431447,1
7861-UVUFT,0.7685967478420618,1
9824-QCJPK,0.032983150888080535,0
7816-VGHTO,0.13808702974954687,0
3794-NFNCH,0.32774704205319327,0
3877-JRJIP,0.6608253731013454,1
5228-EXCET,0.6979918258380642,1
6248-BSHKG,0.016277017510720467,0
8915-NNTRC,0.07865554173765922,0
3470-OBUET,0.043964472882242936,0
3229-USWAR,0.19989311363755508,0
1927-QEWMY,0.005220003873927429,0
6374-AFWOX,0.025426529836563946,0
7912-SYRQT,0.8319166992356632,1
2070-FNEXE,0.6664409579077253,1
5803-NQJZO,0.024594687050011138,0
5651-YLPRD,0.5981977678173228,1
1271-UODNO,0.09858696407397766,0
5014-WUQMG,0.26929740759579834,0
5889-JTMUL,0.6865003364267533,1
0788-DXBFY,0.04240535185559459,0
2669-QVCRG,0.5361860485105351,1
6630-UJZMY,0.9148606937363569,1
5061-PBXFW,0.15398697644968146,0
2700-LUEVA,0.3984130513629444,0
3865-ZFZIB,0.021144909664592065,0
0471-ARVMX,0.4148301159387041,0
8985-OOPOS,0.36881195187761584,0
0719-SYFRB,0.3954363633074463,0
0447-BEMNG,0.24217509880513985,0
5630-AHZIL,0.3770313465604984,0
2190-BCXEC,0.5304381651548594,1
1559-DTODC,0.4367370816017826,0
3244-DCJWY,0.8794807009466068,1
3967-VQOGC,0.012894270504915484,0
0265-PSUAE,0.6111495899964686,1
1622-HSHSF,0.4956247650324439,0
9867-XOBQA,0.0514029292598821,0
6773-LQTVT,0.3461832076042757,0
4332-MUOEZ,0.250829091639018,0
0023-XUOPT,0.7435894915629497,1
6543-CPZMK,0.6083901111064951,1
6418-HNFED,0.04585838879860807,0
1036-GUDCL,0.1484251940557194,0
4818-QIUFN,0.7033168410217006,1
0778-NELLA,0.6093531027278204,1
7495-OOKFY,0.8337816367576788,1
4737-HOBAX,0.052744366349830485,0
7919-ZODZZ,0.3256964699026519,0
2988-PLAHS,0.5953093298663481,1
9067-SQTNS,0.019913858147069082,0
6483-OATDN,0.4561303747497076,0
5469-CTCWN,0.30138527752258326,0
3524-WQDSG,0.6565909465660695,1
6968-URWQU,0.17554162086585479,0
8601-QACRS,0.6547425917042601,1
8690-UPCZI,0.09134987629765227,0
5331-RGMTT,0.7046702686285617,1
1357-BIJKI,0.5769544352634176,1
2088-IEBAU,0.04877706567989641,0
0679-IDSTG,0.8642104575694056,1
6519-ZHPXP,0.09766902592725515,0
2101-RANCD,0.609097432127973,1
4029-HPFVY,0.8013554470835671,1
1015-OWJKI,0.27781769412336776,0
8314-HTWVE,0.04514421445068393,0
5357-TZHPP,0.8273994181928033,1
8727-XDPUD,0.0937568844266391,0
9073-ZZIAY,0.02367378213262077,0
5181-OABFK,0.029591234552990186,0
3812-LRZIR,0.08138964520426456,0
5204-HMGYF,0.14864490494133958,0
9950-MTGYX,0.01944223292380278,0
3675-EQOZA,0.28691390315268583,0
3646-ITDGM,0.018180786992287364,0
3913-FCUUW,0.01893822170596335,0
